?x	?y
25914	25874
76005	4206
261804	261725
395610	395575
479880	479848
622180	622107
699843	699816
775580	775551
785169	785145
870526	870461
1002011	1001959
1028997	1028981
1217250	753473
1751128	1751103
1854144	1854108
2779711	1950009
2781297	2781263
2783620	2783601
2783621	2783601
3214899	3214880
3457641	3457610
4064073	4064053
4210232	4210218
4425948	4225824
5346649	148210
5346649	5346599
5445103	5445082
5500961	5500945
5657208	5657199
5900187	5900181
6150186	6150178
6435685	6435674
6538558	6538535
6538559	6538535
6556340	6556318
6578172	6578160
6758504	6758492
7032102	7032086
7231333	7231318
7240885	7240867
7249693	7249681
7322554	7322540
7364680	7364671
7555855	7555844
7781886	7781871
11259823	4200807
11778117	11778101
12651336	479901
13009947	13009930
16099189	16099182
22051159	51256870
38021430	38021425
48123778	48123775
48123817	48123815
48123896	48123894
48123946	48123943
50477084	15273133
50485024	269746
50500634	479902
50502713	1191913
50779160	126921105
50849106	8202671
50887668	22574033
50903822	43581707
50906866	395580
50907627	14917543
50915259	1950010
50944473	50944451
51041876	51041865
51144001	51143978
51303208	4948724
51491227	7690433
51668097	51668081
51792686	51792652
51803978	51803952
52517086	52517072
52530804	52530784
53320565	48166301
53744872	53744858
53835401	272639140
53979539	53979523
54202207	54202180
54471939	54471924
54606295	54606275
54803196	51966693
54822482	54822474
54859035	54859022
54871387	21010971
54871449	54871436
55005719	55005711
55062412	55062407
55106798	55106785
55177499	55177485
55364086	55364082
55412609	15106724
55416585	55416573
55788794	55788780
55865365	127150812
56028796	56028789
56045148	1032312
56125333	56125330
56131854	56131846
56167256	56167242
56208628	56208620
56210274	56210266
56404058	56404047
56546083	56546071
56572976	56572969
56630287	56630276
56692515	56692500
60450628	60450607
60862011	60862006
61239994	162756582
62577791	62577788
64006301	64006299
64418767	64418764
65740920	65740911
70305464	1936378
89310017	89310014
89310023	89310020
89310027	89310025
89310064	89310062
89310127	89310124
89418950	89418948
91377785	652129
91538353	5581966
91603322	91603304
91686542	1458584
91761636	91761599
91764389	6903272
91814672	14607511
91865000	5981082
91867749	4623115
91896758	14600826
92022971	13384179
92044600	56752515
92050699	56107146
92061185	92061155
92367626	64378689
92374917	56742191
92525720	2986150
92578696	92578682
92598342	92598321
92625787	51317670
92636388	92636368
92846790	92846779
92846792	92846779
93045359	2549582
93563612	93563589
93566533	13049174
93568681	12756609
94144139	94144118
94261118	94261100
94315016	92383665
94402768	94402750
94548147	23197035
94887522	91797084
95258937	95258925
95493976	95493971
95501608	95501584
95682849	95682825
95721452	95721441
95740959	95740940
95747437	95747433
95808496	95808491
95810789	92383664
95940319	95940301
95998541	95998519
96088782	96088765
96425529	96425504
96466850	96466840
96468674	96468668
96518898	96518888
96581114	96581099
97045360	236880567
97064037	97064029
97125387	97125381
97384769	97384762
97400995	97400983
98058022	98058010
99828862	1490975
100047836	100047820
100742497	100742488
101096137	101096131
101097143	101097123
101136317	101136308
102276343	45715271
102608214	102608210
102950190	102950183
106487223	294335966
122345934	122345931
123336505	123336503
127054321	127054319
127054438	127054436
127054442	127054440
127054464	127054461
127150802	127150800
128958985	106938
129023647	5840277
129112510	4338480
129132405	5976429
129178852	129178838
129205904	129205887
129231000	1974850
129261244	3256018
129268662	725740
129277171	14603895
129308831	6219065
129330738	3380011
129365701	56413637
129435898	56779960
129439314	14919607
129667354	6459464
129680012	129679987
129715366	48835182
129731309	53537604
129817603	129817573
129920242	64224978
129977874	129977854
130159115	7511767
130429212	130429192
130567231	130567212
130660384	56924052
130850988	130850966
131010861	12517662
132219901	63040332
132519266	132519258
132850582	5984738
132915963	132915950
133073401	133073387
133073702	6047849
133172151	12756545
133174660	133174654
133242554	133242544
133290524	133290509
133334462	133334447
133618865	133618859
133692716	133692700
133692717	133692700
133774683	133774671
133844758	133844749
133894683	133894671
134023191	134023171
134037110	90315186
134091126	134091115
134231248	7353262
134269454	134269442
134361516	134361509
134377533	134377528
134388031	134388014
134619962	134619956
134688151	134688145
134697466	134697452
138186700	138186689
138888025	138888011
140493386	140493384
140577790	140577775
155687758	155687745
162238740	162238738
162452148	162452146
162666779	162666776
162666784	162666781
162667004	162667002
162667013	162667010
162667037	162667035
162667052	162667049
162720210	162720208
163229129	14587308
164547688	5766679
164564608	2934500
164623873	7607881
164636505	1651725
164640481	5936247
164782061	164782037
164791779	678503
164865910	52136954
164891483	164891471
164894138	53486722
164900937	1188222
164968555	128363305
164999934	164999916
165027649	165027623
165196240	51256896
165219863	1369222
165831086	10269847
166096729	166096708
166440818	166440803
167165683	92383672
167241424	2483790
167348331	6032321
167935286	167935264
168276399	168276386
168486955	168486945
168554497	168554488
168637678	168637665
168673605	87202378
168682900	5896484
168832420	56742206
168873834	7688602
169045111	169045107
169076087	169076069
169084676	169084668
169208292	169208271
169416285	7343476
169424292	96973002
169621984	169621977
169621987	169621977
169715493	169715480
169737825	50829079
169755340	134176844
169851861	169851853
169965579	169965565
170057783	170057778
171247696	171247684
172664566	172664549
173369935	173369931
173425474	173425459
174964123	174964113
176380878	176380872
196952491	196952489
196952504	196952502
196952508	196952506
196952518	196952515
196952522	196952520
196952526	196952524
196952550	196952548
197179200	54039948
198748182	4958499
198784666	6983814
198795901	3004984
198800346	33378
198807847	479905
198870261	555081
198953397	479899
198994052	479900
199025240	3432043
199083107	12428333
199096825	11992951
199159541	4547250
199181176	203710626
199182052	882781
199340412	69234091
199415947	61211163
199418451	1379751
199425804	199425785
199451212	14567983
199459949	199459939
199636076	102844563
199640100	5354817
199884072	1949977
199884715	108974015
200179347	56366890
200200218	7639281
200347610	200347596
200690559	176822701
201140661	57298258
201304448	201304425
202369737	202369725
202428807	202428794
202489236	202489221
202527363	200336633
202570341	202570331
202570501	202570494
202609178	202609171
202733569	202733557
202742867	202742848
203259582	203259575
203314581	15205474
203472980	203472971
203508679	203508670
203522065	203522059
203694760	134233129
203717051	203717045
203845665	203845653
203914193	69521444
204116850	204116838
207700714	63030372
207727494	207727487
207781014	207781004
208863713	208863709
225761593	104080393
225761594	104080393
225761594	230271674
230190669	230190667
230190673	230190671
230190701	230190698
230190705	230190703
230190733	230190731
231928223	515401
231970184	495603
231986202	476993
232036193	232036170
232155272	14600232
232256943	12857601
232315472	6032328
232316129	13207587
232420315	642836
232487806	232487784
232531107	124345623
232539331	1846272
232617811	232617796
232996906	94995899
233056442	12406476
233272057	232155504
233993416	64070654
234351301	92383669
234507679	133144584
234718004	7318894
235109800	235109780
235314114	12824743
235497494	235497485
235498123	235498113
235857379	54786153
235862873	133252638
235962521	235962513
235979670	5729664
235996763	235996744
236202770	236202759
236451202	169648905
236477913	236477902
236613400	96883156
236636399	236636386
236766685	56767769
237026079	169909412
237176775	237176770
240747209	240747201
241013676	241013670
242495905	242495902
242769883	242769876
243683911	243683907
247202318	247202315
253022906	171874685
258292757	15608796
262580896	262580889
262629036	262629034
262629196	262629194
262673178	262673176
262673183	262673180
262706061	262706059
264388156	435455
264469569	479904
264470026	972578
264599022	4091000
264624974	1365877
264647228	2424344
264653238	384314
264669615	479903
264674454	519029
264698374	60644313
264708066	14589325
264711400	7690432
264719668	92383671
264803986	7698705
264826804	237092377
264881685	140199753
264896795	5476181
264900925	56510342
264991027	103145485
264999250	7240074
265029188	202795181
265104387	7782298
265144329	92383668
265185075	51717528
265196400	61747050
265370670	203994553
265419197	211796361
265428662	62677141
265578699	15625001
265779611	265779590
265985521	22743165
266094977	266094967
266867851	169925119
266920890	266920882
267344674	134210444
267779647	141518447
267787761	267787753
267897637	2016247
267898018	61671078
267936468	267936455
267962374	267962357
268021102	268021088
268028403	268028391
268102656	208109269
268148476	268148460
268205505	268205496
268209174	268209166
268561754	268561750
268579908	268579896
268581237	268581227
268701310	215935242
268704218	268704205
268765767	268765755
268778396	1032156
269001143	269001139
269165287	269165275
269188945	269188936
269221161	168610711
269221730	49715494
269243358	269243346
272219447	272219435
272478679	272478676
272535525	272535501
272911613	89691655
275476853	275476850
277138088	277138082
290088997	63969115
294335835	294335833
294335959	294335957
294335986	294335983
294408171	294408169
