query_file,mode,atoms,variables,time_seconds,cardinality
tmp_queries/j3_1.query,yk,3,4,0.360304344,245
tmp_queries/j3_2.query,yk,3,4,0.238266351,5
tmp_queries/j3_3.query,yk,3,4,0.522759247,1490
tmp_queries/j3_4.query,yk,3,4,0.050962774,1
tmp_queries/j3_5.query,yk,3,4,0.086655062,3
tmp_queries/j3_6.query,yk,3,4,0.408485998,37
tmp_queries/j3_7.query,yk,3,4,0.009915617,1
tmp_queries/j3_8.query,yk,3,4,0.062969210,7
tmp_queries/j3_9.query,yk,3,4,0.131017223,93
tmp_queries/j3_10.query,yk,3,4,0.110270188,1
tmp_queries/j3_11.query,yk,3,4,0.582260761,1
tmp_queries/j3_12.query,yk,3,4,0.124395325,2
tmp_queries/j3_13.query,yk,3,4,0.005522636,8
tmp_queries/j3_14.query,yk,3,4,0.004788979,2
tmp_queries/j3_15.query,yk,3,4,0.068982521,3
tmp_queries/j3_16.query,yk,3,4,0.205578843,1
tmp_queries/j3_17.query,yk,3,4,0.011284726,1
tmp_queries/j3_18.query,yk,3,4,0.548317056,2
tmp_queries/j3_19.query,yk,3,4,0.005187414,3
tmp_queries/j3_20.query,yk,3,4,0.184385561,21387
tmp_queries/j3_21.query,yk,3,4,0.329446635,3
tmp_queries/j3_22.query,yk,3,4,0.005113998,1
tmp_queries/j3_23.query,yk,3,4,0.015451378,17
tmp_queries/j3_24.query,yk,3,4,0.541749730,1
tmp_queries/j3_25.query,yk,3,4,0.009533565,1
tmp_queries/j3_26.query,yk,3,4,0.999163393,24044
tmp_queries/j3_27.query,yk,3,4,0.854096088,1
tmp_queries/j3_28.query,yk,3,4,0.103695480,1
tmp_queries/j3_29.query,yk,3,4,0.102924642,7
tmp_queries/j3_30.query,yk,3,4,0.162054745,5
tmp_queries/j3_31.query,yk,3,4,0.063503345,1
tmp_queries/j3_32.query,yk,3,4,0.252166179,1
tmp_queries/j3_33.query,yk,3,4,0.025374173,1
tmp_queries/j3_34.query,yk,3,4,0.099056276,141
tmp_queries/j3_35.query,yk,3,4,0.041070279,6
tmp_queries/j3_36.query,yk,3,4,0.016162477,7
tmp_queries/j3_37.query,yk,3,4,0.113026493,77
tmp_queries/j3_38.query,yk,3,4,0.723463664,697
tmp_queries/j3_39.query,yk,3,4,0.212317940,52
tmp_queries/j3_40.query,yk,3,4,0.616074261,30
tmp_queries/j3_41.query,yk,3,4,0.203289892,36
tmp_queries/j3_42.query,yk,3,4,0.061167287,3
tmp_queries/j3_43.query,yk,3,4,0.105942611,534
tmp_queries/j3_44.query,yk,3,4,0.044390182,2419
tmp_queries/j3_45.query,yk,3,4,0.005172465,19
tmp_queries/j3_46.query,yk,3,4,0.005261739,2
tmp_queries/j3_47.query,yk,3,4,0.218031447,5110
tmp_queries/j3_48.query,yk,3,4,0.016474474,1
tmp_queries/j3_49.query,yk,3,4,0.080916297,42
tmp_queries/j3_50.query,yk,3,4,0.075334230,6
tmp_queries/j4_1.query,yk,4,5,0.070172425,2
tmp_queries/j4_2.query,yk,4,5,0.596172319,6
tmp_queries/j4_3.query,yk,4,5,0.049042153,1
tmp_queries/j4_4.query,yk,4,5,0.160554902,1
tmp_queries/j4_5.query,yk,4,5,0.724023264,1
tmp_queries/j4_6.query,yk,4,5,0.016128171,76
tmp_queries/j4_7.query,yk,4,5,0.067846747,71
tmp_queries/j4_8.query,yk,4,5,0.025165125,1
tmp_queries/j4_9.query,yk,4,5,0.600517912,6
tmp_queries/j4_10.query,yk,4,5,3.261311013,97
tmp_queries/j4_11.query,yk,4,5,0.080780011,1
tmp_queries/j4_12.query,yk,4,5,0.502301341,7161
tmp_queries/j4_13.query,yk,4,5,3.238298504,128
tmp_queries/j4_14.query,yk,4,5,0.042910678,1
tmp_queries/j4_15.query,yk,4,5,0.395385672,1
tmp_queries/j4_16.query,yk,4,5,0.102212332,1
tmp_queries/j4_17.query,yk,4,5,0.072970118,87
tmp_queries/j4_18.query,yk,4,5,0.109602966,1
tmp_queries/j4_19.query,yk,4,5,15.396387882,2323
tmp_queries/j4_20.query,yk,4,5,0.277241397,3
tmp_queries/j4_21.query,yk,4,5,0.284684698,4
tmp_queries/j4_22.query,yk,4,5,0.337936029,1
tmp_queries/j4_23.query,yk,4,5,0.182413070,1
tmp_queries/j4_24.query,yk,4,5,2.160651498,21
tmp_queries/j4_25.query,yk,4,5,1.216613892,704
tmp_queries/j4_26.query,yk,4,5,0.117947174,2655
tmp_queries/j4_27.query,yk,4,5,0.011723562,1
tmp_queries/j4_28.query,yk,4,5,0.326944803,2
tmp_queries/j4_29.query,yk,4,5,0.074329145,29
tmp_queries/j4_30.query,yk,4,5,0.488455067,248
tmp_queries/j4_31.query,yk,4,5,0.157143666,1
tmp_queries/j4_32.query,yk,4,5,0.038141084,1
tmp_queries/j4_33.query,yk,4,5,0.078769313,150
tmp_queries/j4_34.query,yk,4,5,2.235901471,26
tmp_queries/j4_35.query,yk,4,5,21.128295078,4
tmp_queries/j4_36.query,yk,4,5,0.290135518,2
tmp_queries/j4_37.query,yk,4,5,3.303213768,3
tmp_queries/j4_38.query,yk,4,5,0.394167545,18
tmp_queries/j4_39.query,yk,4,5,0.032708357,4
tmp_queries/j4_40.query,yk,4,5,0.244239350,250
tmp_queries/j4_41.query,yk,4,5,0.057399149,1
tmp_queries/j4_42.query,yk,4,5,0.559782843,476
tmp_queries/j4_43.query,yk,4,5,0.325054221,9
tmp_queries/j4_44.query,yk,4,5,0.054300853,24
tmp_queries/j4_45.query,yk,4,5,0.029785704,12
tmp_queries/j4_46.query,yk,4,5,0.365006369,4
tmp_queries/j4_47.query,yk,4,5,0.007092434,4
tmp_queries/j4_48.query,yk,4,5,0.027971596,9
tmp_queries/j4_49.query,yk,4,5,0.188755654,2
tmp_queries/j4_50.query,yk,4,5,0.215649671,4
tmp_queries/p2_1.query,yk,2,3,0.009083987,2141
tmp_queries/p2_2.query,yk,2,3,0.003825994,1135
tmp_queries/p2_3.query,yk,2,3,0.009276635,4
tmp_queries/p2_4.query,yk,2,3,0.002912672,10
tmp_queries/p2_5.query,yk,2,3,0.103826543,1
tmp_queries/p2_6.query,yk,2,3,0.007466279,7
tmp_queries/p2_7.query,yk,2,3,0.062103946,3
tmp_queries/p2_8.query,yk,2,3,0.012905241,4
tmp_queries/p2_9.query,yk,2,3,0.007267373,1
tmp_queries/p2_10.query,yk,2,3,0.111922965,16
tmp_queries/p2_11.query,yk,2,3,0.000959357,76
tmp_queries/p2_12.query,yk,2,3,1.447019015,576171
tmp_queries/p2_13.query,yk,2,3,0.046520526,386
tmp_queries/p2_14.query,yk,2,3,0.100478069,18032
tmp_queries/p2_15.query,yk,2,3,0.014191236,3
tmp_queries/p2_16.query,yk,2,3,0.042609960,74395
tmp_queries/p2_17.query,yk,2,3,0.167048252,30
tmp_queries/p2_18.query,yk,2,3,0.009585482,25
tmp_queries/p2_19.query,yk,2,3,0.003798646,1
tmp_queries/p2_20.query,yk,2,3,0.056383153,1360
tmp_queries/p2_21.query,yk,2,3,0.006445774,24
tmp_queries/p2_22.query,yk,2,3,0.119671937,1227
tmp_queries/p2_23.query,yk,2,3,0.005295939,830
tmp_queries/p2_24.query,yk,2,3,0.010650373,3
tmp_queries/p2_25.query,yk,2,3,0.438380772,10932
tmp_queries/p2_26.query,yk,2,3,0.012351856,14
tmp_queries/p2_27.query,yk,2,3,0.035395947,1826
tmp_queries/p2_28.query,yk,2,3,0.002638077,2
tmp_queries/p2_29.query,yk,2,3,0.002534914,1
tmp_queries/p2_30.query,yk,2,3,0.081867213,34471
tmp_queries/p2_31.query,yk,2,3,0.008499990,6
tmp_queries/p2_32.query,yk,2,3,0.106826717,7436
tmp_queries/p2_33.query,yk,2,3,0.121824615,1427
tmp_queries/p2_34.query,yk,2,3,0.110206191,1554
tmp_queries/p2_35.query,yk,2,3,1.006412505,412184
tmp_queries/p2_36.query,yk,2,3,0.004935793,10
tmp_queries/p2_37.query,yk,2,3,0.001879030,6
tmp_queries/p2_38.query,yk,2,3,0.004508509,108
tmp_queries/p2_39.query,yk,2,3,0.009172915,1
tmp_queries/p2_40.query,yk,2,3,0.015271649,4009
tmp_queries/p2_41.query,yk,2,3,0.000931309,1
tmp_queries/p2_42.query,yk,2,3,0.004381121,3
tmp_queries/p2_43.query,yk,2,3,0.005478556,2
tmp_queries/p2_44.query,yk,2,3,0.002270073,21
tmp_queries/p2_45.query,yk,2,3,0.006377313,1
tmp_queries/p2_46.query,yk,2,3,0.208330082,255923
tmp_queries/p2_47.query,yk,2,3,0.040823324,63
tmp_queries/p2_48.query,yk,2,3,0.000962865,3
tmp_queries/p2_49.query,yk,2,3,0.016075698,11
tmp_queries/p2_50.query,yk,2,3,0.004057022,3
tmp_queries/p3_1.query,yk,3,4,0.238864360,1
tmp_queries/p3_2.query,yk,3,4,0.002138546,1
tmp_queries/p3_3.query,yk,3,4,0.053383776,56
tmp_queries/p3_4.query,yk,3,4,0.241706331,188
tmp_queries/p3_5.query,yk,3,4,0.132554159,33
tmp_queries/p3_6.query,yk,3,4,0.658194544,1
tmp_queries/p3_7.query,yk,3,4,0.519854987,1
tmp_queries/p3_8.query,yk,3,4,0.049022257,2
tmp_queries/p3_9.query,yk,3,4,1.013381047,7
tmp_queries/p3_10.query,yk,3,4,0.018150541,1
tmp_queries/p3_11.query,yk,3,4,0.051988188,1
tmp_queries/p3_12.query,yk,3,4,0.006593668,1
tmp_queries/p3_13.query,yk,3,4,0.504185154,1
tmp_queries/p3_14.query,yk,3,4,0.008085903,1
tmp_queries/p3_15.query,yk,3,4,0.029216963,284
tmp_queries/p3_16.query,yk,3,4,0.125852834,2
tmp_queries/p3_17.query,yk,3,4,0.074385902,64
tmp_queries/p3_18.query,yk,3,4,0.680162629,432
tmp_queries/p3_19.query,yk,3,4,0.006592889,1
tmp_queries/p3_20.query,yk,3,4,0.035076274,22
tmp_queries/p3_21.query,yk,3,4,0.077742435,67
tmp_queries/p3_22.query,yk,3,4,0.248709231,4
tmp_queries/p3_23.query,yk,3,4,1.661302212,7153
tmp_queries/p3_24.query,yk,3,4,0.997614297,117
tmp_queries/p3_25.query,yk,3,4,1.026272872,1
tmp_queries/p3_26.query,yk,3,4,0.064722837,48
tmp_queries/p3_27.query,yk,3,4,0.609765995,153
tmp_queries/p3_28.query,yk,3,4,0.009295438,1
tmp_queries/p3_29.query,yk,3,4,0.958992043,2730
tmp_queries/p3_30.query,yk,3,4,0.329099555,4
tmp_queries/p3_31.query,yk,3,4,0.003425874,4
tmp_queries/p3_32.query,yk,3,4,0.897712566,1252
tmp_queries/p3_33.query,yk,3,4,0.004136243,1
tmp_queries/p3_34.query,yk,3,4,0.035108033,2
tmp_queries/p3_35.query,yk,3,4,0.017946562,3
tmp_queries/p3_36.query,yk,3,4,0.060972341,3
tmp_queries/p3_37.query,yk,3,4,0.283400288,109
tmp_queries/p3_38.query,yk,3,4,0.038300074,3
tmp_queries/p3_39.query,yk,3,4,0.032880080,1
tmp_queries/p3_40.query,yk,3,4,0.093097899,1
tmp_queries/p3_41.query,yk,3,4,0.082569488,6
tmp_queries/p3_42.query,yk,3,4,0.034336304,47
tmp_queries/p3_43.query,yk,3,4,0.219090423,1
tmp_queries/p3_44.query,yk,3,4,0.371613491,2316
tmp_queries/p3_45.query,yk,3,4,0.062468927,1
tmp_queries/p3_46.query,yk,3,4,0.005801080,1
tmp_queries/p3_47.query,yk,3,4,0.058691711,8
tmp_queries/p3_48.query,yk,3,4,0.073362457,1
tmp_queries/p3_49.query,yk,3,4,0.012448703,1
tmp_queries/p3_50.query,yk,3,4,0.009358491,37
tmp_queries/p4_1.query,yk,4,5,0.799030629,5
tmp_queries/p4_2.query,yk,4,5,0.219309881,248
tmp_queries/p4_3.query,yk,4,5,4.585379736,2
tmp_queries/p4_4.query,yk,4,5,120.599377037,926
tmp_queries/p4_5.query,yk,4,5,0.042627187,1
tmp_queries/p4_6.query,yk,4,5,0.049465498,22
tmp_queries/p4_7.query,yk,4,5,0.447638038,5
tmp_queries/p4_8.query,yk,4,5,0.136758398,1
tmp_queries/p4_9.query,yk,4,5,0.122513580,12
tmp_queries/p4_10.query,yk,4,5,19.048479537,1
tmp_queries/p4_11.query,yk,4,5,119.388778444,120
tmp_queries/p4_12.query,yk,4,5,0.184730490,1
tmp_queries/p4_13.query,yk,4,5,22.258474441,83
tmp_queries/p4_14.query,yk,4,5,19.684066355,568
tmp_queries/p4_15.query,yk,4,5,0.048652376,12
tmp_queries/p4_16.query,yk,4,5,6.532455216,1
tmp_queries/p4_17.query,yk,4,5,1.237552285,5
tmp_queries/p4_18.query,yk,4,5,0.061884583,2
tmp_queries/p4_19.query,yk,4,5,0.157634789,24
tmp_queries/p4_20.query,yk,4,5,0.276617356,1
tmp_queries/p4_21.query,yk,4,5,12.397873241,50
tmp_queries/p4_22.query,yk,4,5,0.972806478,2
tmp_queries/p4_23.query,yk,4,5,0.236775762,3
tmp_queries/p4_24.query,yk,4,5,0.803621815,1
tmp_queries/p4_25.query,yk,4,5,1.348741673,1
tmp_queries/p4_26.query,yk,4,5,119.239748484,120
tmp_queries/p4_27.query,yk,4,5,0.482529347,6430
tmp_queries/p4_28.query,yk,4,5,0.303063590,1830
tmp_queries/p4_29.query,yk,4,5,0.376444774,4
tmp_queries/p4_30.query,yk,4,5,0.707257084,1
tmp_queries/p4_31.query,yk,4,5,0.389313501,1
tmp_queries/p4_32.query,yk,4,5,0.584657077,1
tmp_queries/p4_33.query,yk,4,5,5.529904844,2
tmp_queries/p4_34.query,yk,4,5,1.526522018,2626
tmp_queries/p4_35.query,yk,4,5,1.720091539,5
tmp_queries/p4_36.query,yk,4,5,0.405129939,279
tmp_queries/p4_37.query,yk,4,5,0.005245734,3
tmp_queries/p4_38.query,yk,4,5,0.026265217,3
tmp_queries/p4_39.query,yk,4,5,2.363345150,3
tmp_queries/p4_40.query,yk,4,5,0.985027266,3
tmp_queries/p4_41.query,yk,4,5,0.038402261,2
tmp_queries/p4_42.query,yk,4,5,0.100443432,8
tmp_queries/p4_43.query,yk,4,5,0.052845225,14
tmp_queries/p4_44.query,yk,4,5,4.833746121,7
tmp_queries/p4_45.query,yk,4,5,3.047287079,1
tmp_queries/p4_46.query,yk,4,5,0.274695171,7
tmp_queries/p4_47.query,yk,4,5,0.427432280,1
tmp_queries/p4_48.query,yk,4,5,0.087477452,1
tmp_queries/p4_49.query,yk,4,5,0.115234135,2
tmp_queries/p4_50.query,yk,4,5,0.056704811,2
tmp_queries/s1_1.query,yk,4,4,0.029246810,1
tmp_queries/s1_2.query,yk,4,4,0.152460375,8
tmp_queries/s1_3.query,yk,4,4,0.955102200,1
tmp_queries/s1_4.query,yk,4,4,7.647505788,102
tmp_queries/s1_5.query,yk,4,4,0.011964717,11
tmp_queries/s1_6.query,yk,4,4,7.120850229,1
tmp_queries/s1_7.query,yk,4,4,0.721779279,1
tmp_queries/s1_8.query,yk,4,4,1.907620202,1
tmp_queries/s1_9.query,yk,4,4,2.640141088,1
tmp_queries/s1_10.query,yk,4,4,0.001850272,1
tmp_queries/s1_11.query,yk,4,4,0.023851778,1
tmp_queries/s1_12.query,yk,4,4,0.032403841,2
tmp_queries/s1_13.query,yk,4,4,0.006384323,30
tmp_queries/s1_14.query,yk,4,4,0.317983303,2
tmp_queries/s1_15.query,yk,4,4,3.216935975,1
tmp_queries/s1_16.query,yk,4,4,0.352173134,9
tmp_queries/s1_17.query,yk,4,4,0.009690780,3
tmp_queries/s1_18.query,yk,4,4,0.382068266,6
tmp_queries/s1_19.query,yk,4,4,15.632490934,2
tmp_queries/s1_20.query,yk,4,4,0.011253196,1
tmp_queries/s1_21.query,yk,4,4,0.006204667,30
tmp_queries/s1_22.query,yk,4,4,1.282121475,4
tmp_queries/s1_23.query,yk,4,4,0.095814321,6
tmp_queries/s1_24.query,yk,4,4,4.654608449,49
tmp_queries/s1_25.query,yk,4,4,0.342607132,1
tmp_queries/s1_26.query,yk,4,4,0.377976143,1
tmp_queries/s1_27.query,yk,4,4,0.091455431,6
tmp_queries/s1_28.query,yk,4,4,0.014651964,1
tmp_queries/s1_29.query,yk,4,4,0.001073659,1
tmp_queries/s1_30.query,yk,4,4,0.085256190,1
tmp_queries/s1_31.query,yk,4,4,0.017290198,1
tmp_queries/s1_32.query,yk,4,4,0.034225644,1
tmp_queries/s1_33.query,yk,4,4,0.085008478,12
tmp_queries/s1_34.query,yk,4,4,0.202126702,30
tmp_queries/s1_35.query,yk,4,4,0.029482577,1
tmp_queries/s1_36.query,yk,4,4,0.530254585,2
tmp_queries/s1_37.query,yk,4,4,2.327310399,8
tmp_queries/s1_38.query,yk,4,4,0.535413772,2
tmp_queries/s1_39.query,yk,4,4,0.066721334,1
tmp_queries/s1_40.query,yk,4,4,0.018971601,2
tmp_queries/s1_41.query,yk,4,4,0.872050276,143
tmp_queries/s1_42.query,yk,4,4,0.403882426,1
tmp_queries/s1_43.query,yk,4,4,0.057748895,1
tmp_queries/s1_44.query,yk,4,4,0.056823823,1
tmp_queries/s1_45.query,yk,4,4,0.024086983,3
tmp_queries/s1_46.query,yk,4,4,0.516225488,3
tmp_queries/s1_47.query,yk,4,4,0.013262465,7
tmp_queries/s1_48.query,yk,4,4,18.471554716,2
tmp_queries/s1_49.query,yk,4,4,24.962807832,23
tmp_queries/s1_50.query,yk,4,4,0.117988226,1
tmp_queries/s2_1.query,yk,4,4,0.281827400,1
tmp_queries/s2_2.query,yk,4,4,0.009583845,1
tmp_queries/s2_3.query,yk,4,4,0.810434607,50
tmp_queries/s2_4.query,yk,4,4,0.053985560,1
tmp_queries/s2_5.query,yk,4,4,0.002585914,1
tmp_queries/s2_6.query,yk,4,4,0.299554149,1
tmp_queries/s2_7.query,yk,4,4,6.944547429,3
tmp_queries/s2_8.query,yk,4,4,0.135499211,1
tmp_queries/s2_9.query,yk,4,4,0.001044622,3
tmp_queries/s2_10.query,yk,4,4,5.422278081,2
tmp_queries/s2_11.query,yk,4,4,0.494349480,1
tmp_queries/s2_12.query,yk,4,4,0.504957553,1
tmp_queries/s2_13.query,yk,4,4,0.220784530,1
tmp_queries/s2_14.query,yk,4,4,0.020165622,59
tmp_queries/s2_15.query,yk,4,4,1.060249670,2
tmp_queries/s2_16.query,yk,4,4,0.002015383,1
tmp_queries/s2_17.query,yk,4,4,0.256312947,1
tmp_queries/s2_18.query,yk,4,4,0.001287752,3
tmp_queries/s2_19.query,yk,4,4,0.013394933,1
tmp_queries/s2_20.query,yk,4,4,0.067367225,1
tmp_queries/s2_21.query,yk,4,4,13.553731292,1
tmp_queries/s2_22.query,yk,4,4,0.005832940,1
tmp_queries/s2_23.query,yk,4,4,0.116216614,1
tmp_queries/s2_24.query,yk,4,4,10.361667559,4
tmp_queries/s2_25.query,yk,4,4,1.936113425,4
tmp_queries/s2_26.query,yk,4,4,0.007345704,1
tmp_queries/s2_27.query,yk,4,4,0.003529142,1
tmp_queries/s2_28.query,yk,4,4,0.097974633,1
tmp_queries/s2_29.query,yk,4,4,0.148872484,1
tmp_queries/s2_30.query,yk,4,4,0.008840976,1
tmp_queries/s2_31.query,yk,4,4,0.038339085,4
tmp_queries/s2_32.query,yk,4,4,3.380573321,1
tmp_queries/s2_33.query,yk,4,4,0.268383236,1
tmp_queries/s2_34.query,yk,4,4,0.022777173,1
tmp_queries/s2_35.query,yk,4,4,0.048777413,1
tmp_queries/s2_36.query,yk,4,4,23.904832969,2
tmp_queries/s2_37.query,yk,4,4,3.616493376,26
tmp_queries/s2_38.query,yk,4,4,0.742659219,9
tmp_queries/s2_39.query,yk,4,4,0.001463235,1
tmp_queries/s2_40.query,yk,4,4,13.473938509,1
tmp_queries/s2_41.query,yk,4,4,0.304683286,177
tmp_queries/s2_42.query,yk,4,4,1.356354060,1
tmp_queries/s2_43.query,yk,4,4,0.725918127,1
tmp_queries/s2_44.query,yk,4,4,0.200193056,5
tmp_queries/s2_45.query,yk,4,4,0.267941036,9
tmp_queries/s2_46.query,yk,4,4,0.001437991,10
tmp_queries/s2_47.query,yk,4,4,0.120334698,2
tmp_queries/s2_48.query,yk,4,4,0.103976041,1
tmp_queries/s2_49.query,yk,4,4,0.002434229,1
tmp_queries/s2_50.query,yk,4,4,0.017027947,1
tmp_queries/s3_1.query,yk,4,4,0.159004705,1
tmp_queries/s3_2.query,yk,4,4,0.252667987,27
tmp_queries/s3_3.query,yk,4,4,0.757090223,3
tmp_queries/s3_4.query,yk,4,4,0.758290134,9
tmp_queries/s3_5.query,yk,4,4,0.171877740,1
tmp_queries/s3_6.query,yk,4,4,0.008837075,1
tmp_queries/s3_7.query,yk,4,4,0.014574066,15
tmp_queries/s3_8.query,yk,4,4,1.902741319,1
tmp_queries/s3_9.query,yk,4,4,0.191521567,1
tmp_queries/s3_10.query,yk,4,4,0.016933629,2
tmp_queries/s3_11.query,yk,4,4,2.878106137,1
tmp_queries/s3_12.query,yk,4,4,0.013136636,3
tmp_queries/s3_13.query,yk,4,4,0.038476785,1
tmp_queries/s3_14.query,yk,4,4,0.151250940,5
tmp_queries/s3_15.query,yk,4,4,0.018293579,1
tmp_queries/s3_16.query,yk,4,4,0.041341138,1
tmp_queries/s3_17.query,yk,4,4,0.042325434,4
tmp_queries/s3_18.query,yk,4,4,0.044108110,3
tmp_queries/s3_19.query,yk,4,4,1.481686288,3
tmp_queries/s3_20.query,yk,4,4,0.113445763,1
tmp_queries/s3_21.query,yk,4,4,0.001272911,2
tmp_queries/s3_22.query,yk,4,4,1.125308743,24
tmp_queries/s3_23.query,yk,4,4,0.182812155,1
tmp_queries/s3_24.query,yk,4,4,2.637734085,3
tmp_queries/s3_25.query,yk,4,4,0.696088366,141
tmp_queries/s3_26.query,yk,4,4,0.001368325,1
tmp_queries/s3_27.query,yk,4,4,0.069047172,2
tmp_queries/s3_28.query,yk,4,4,0.253760703,2
tmp_queries/s3_29.query,yk,4,4,0.015922767,1
tmp_queries/s3_30.query,yk,4,4,0.104800265,2
tmp_queries/s3_31.query,yk,4,4,0.030152749,18
tmp_queries/s3_32.query,yk,4,4,0.003869872,1
tmp_queries/s3_33.query,yk,4,4,0.004024527,2
tmp_queries/s3_34.query,yk,4,4,9.611898707,2
tmp_queries/s3_35.query,yk,4,4,1.225629506,2
tmp_queries/s3_36.query,yk,4,4,0.333198880,1
tmp_queries/s3_37.query,yk,4,4,0.006824989,1
tmp_queries/s3_38.query,yk,4,4,0.069893241,1
tmp_queries/s3_39.query,yk,4,4,0.062487808,1
tmp_queries/s3_40.query,yk,4,4,1.543566222,13
tmp_queries/s3_41.query,yk,4,4,0.268732573,1
tmp_queries/s3_42.query,yk,4,4,1.479092421,2
tmp_queries/s3_43.query,yk,4,4,0.069994123,5
tmp_queries/s3_44.query,yk,4,4,0.524774856,1
tmp_queries/s3_45.query,yk,4,4,0.013435082,3
tmp_queries/s3_46.query,yk,4,4,0.042475861,5504
tmp_queries/s3_47.query,yk,4,4,0.061328065,597
tmp_queries/s3_48.query,yk,4,4,0.440838975,1
tmp_queries/s3_49.query,yk,4,4,0.058013162,1
tmp_queries/s3_50.query,yk,4,4,0.090237636,1
tmp_queries/s4_1.query,yk,4,4,0.005875066,1
tmp_queries/s4_2.query,yk,4,4,0.366541641,17
tmp_queries/s4_3.query,yk,4,4,0.031250712,1
tmp_queries/s4_4.query,yk,4,4,1.040474735,1
tmp_queries/s4_5.query,yk,4,4,0.003013270,2
tmp_queries/s4_6.query,yk,4,4,0.025216318,7
tmp_queries/s4_7.query,yk,4,4,0.005297586,7
tmp_queries/s4_8.query,yk,4,4,0.223577367,3
tmp_queries/s4_9.query,yk,4,4,0.448199803,3
tmp_queries/s4_10.query,yk,4,4,0.424160834,1
tmp_queries/s4_11.query,yk,4,4,0.024393120,1
tmp_queries/s4_12.query,yk,4,4,0.092353655,22
tmp_queries/s4_13.query,yk,4,4,1.215600037,2
tmp_queries/s4_14.query,yk,4,4,0.926949174,1
tmp_queries/s4_15.query,yk,4,4,0.008682274,1
tmp_queries/s4_16.query,yk,4,4,0.032147391,1
tmp_queries/s4_17.query,yk,4,4,0.456372192,50
tmp_queries/s4_18.query,yk,4,4,0.027239297,1
tmp_queries/s4_19.query,yk,4,4,0.002638344,1
tmp_queries/s4_20.query,yk,4,4,2.687582715,2
tmp_queries/s4_21.query,yk,4,4,0.744576259,1
tmp_queries/s4_22.query,yk,4,4,0.624621510,1
tmp_queries/s4_23.query,yk,4,4,1.401691142,1
tmp_queries/s4_24.query,yk,4,4,10.991205557,1
tmp_queries/s4_25.query,yk,4,4,0.077439249,3
tmp_queries/s4_26.query,yk,4,4,0.134469635,2
tmp_queries/s4_27.query,yk,4,4,0.046716114,1
tmp_queries/s4_28.query,yk,4,4,0.004118792,10
tmp_queries/s4_29.query,yk,4,4,0.063758183,2
tmp_queries/s4_30.query,yk,4,4,0.812990998,1
tmp_queries/s4_31.query,yk,4,4,0.012401799,2
tmp_queries/s4_32.query,yk,4,4,0.085781847,1
tmp_queries/s4_33.query,yk,4,4,0.248955799,2
tmp_queries/s4_34.query,yk,4,4,27.844043909,1
tmp_queries/s4_35.query,yk,4,4,0.033182665,1
tmp_queries/s4_36.query,yk,4,4,0.015790965,2
tmp_queries/s4_37.query,yk,4,4,0.096645177,3
tmp_queries/s4_38.query,yk,4,4,0.206108170,1
tmp_queries/s4_39.query,yk,4,4,0.431846073,1
tmp_queries/s4_40.query,yk,4,4,0.001153192,2
tmp_queries/s4_41.query,yk,4,4,0.796244512,2
tmp_queries/s4_42.query,yk,4,4,0.038626089,2
tmp_queries/s4_43.query,yk,4,4,0.071095819,37
tmp_queries/s4_44.query,yk,4,4,0.423678555,1
tmp_queries/s4_45.query,yk,4,4,0.010279602,1
tmp_queries/s4_46.query,yk,4,4,0.142531607,9
tmp_queries/s4_47.query,yk,4,4,0.148152622,1
tmp_queries/s4_48.query,yk,4,4,0.012965454,5
tmp_queries/s4_49.query,yk,4,4,0.646405166,2
tmp_queries/s4_50.query,yk,4,4,0.488067209,1
tmp_queries/t2_1.query,yk,2,3,0.001907956,10
tmp_queries/t2_2.query,yk,2,3,0.074806247,81
tmp_queries/t2_3.query,yk,2,3,0.001250284,4
tmp_queries/t2_4.query,yk,2,3,0.005776310,32
tmp_queries/t2_5.query,yk,2,3,0.002741769,1
tmp_queries/t2_6.query,yk,2,3,0.001267461,1
tmp_queries/t2_7.query,yk,2,3,0.008718750,143
tmp_queries/t2_8.query,yk,2,3,0.054550640,122
tmp_queries/t2_9.query,yk,2,3,0.002034053,9
tmp_queries/t2_10.query,yk,2,3,0.059758103,8561
tmp_queries/t2_11.query,yk,2,3,0.019756997,234
tmp_queries/t2_12.query,yk,2,3,0.144641160,1236
tmp_queries/t2_13.query,yk,2,3,0.001548708,1
tmp_queries/t2_14.query,yk,2,3,0.017600900,15
tmp_queries/t2_15.query,yk,2,3,0.006095053,1
tmp_queries/t2_16.query,yk,2,3,0.001254001,1
tmp_queries/t2_17.query,yk,2,3,0.005541647,1
tmp_queries/t2_18.query,yk,2,3,0.007342557,5504
tmp_queries/t2_19.query,yk,2,3,0.001028221,8
tmp_queries/t2_20.query,yk,2,3,0.001066594,25
tmp_queries/t2_21.query,yk,2,3,0.001142916,2
tmp_queries/t2_22.query,yk,2,3,0.409792393,14840
tmp_queries/t2_23.query,yk,2,3,0.030517265,56
tmp_queries/t2_24.query,yk,2,3,0.087026867,83
tmp_queries/t2_25.query,yk,2,3,0.037915738,19
tmp_queries/t2_26.query,yk,2,3,0.040732386,3
tmp_queries/t2_27.query,yk,2,3,0.000942706,1
tmp_queries/t2_28.query,yk,2,3,0.006820196,11
tmp_queries/t2_29.query,yk,2,3,0.045953041,117
tmp_queries/t2_30.query,yk,2,3,0.002557930,1
tmp_queries/t2_31.query,yk,2,3,0.001918178,1
tmp_queries/t2_32.query,yk,2,3,0.089642283,2993
tmp_queries/t2_33.query,yk,2,3,0.027233391,523
tmp_queries/t2_34.query,yk,2,3,0.066523522,39
tmp_queries/t2_35.query,yk,2,3,0.078190944,3485
tmp_queries/t2_36.query,yk,2,3,0.000951656,1
tmp_queries/t2_37.query,yk,2,3,0.002412419,240
tmp_queries/t2_38.query,yk,2,3,0.002125075,125
tmp_queries/t2_39.query,yk,2,3,0.001801137,1
tmp_queries/t2_40.query,yk,2,3,0.002250780,1
tmp_queries/t2_41.query,yk,2,3,0.003763553,14
tmp_queries/t2_42.query,yk,2,3,0.001652351,1
tmp_queries/t2_43.query,yk,2,3,0.006329331,2
tmp_queries/t2_44.query,yk,2,3,0.003781113,20
tmp_queries/t2_45.query,yk,2,3,0.001216942,10
tmp_queries/t2_46.query,yk,2,3,0.002156163,7
tmp_queries/t2_47.query,yk,2,3,0.007591948,724
tmp_queries/t2_48.query,yk,2,3,0.001288853,2
tmp_queries/t2_49.query,yk,2,3,0.005220136,81
tmp_queries/t2_50.query,yk,2,3,0.006103128,1
tmp_queries/t3_1.query,yk,3,4,2.295168302,2
tmp_queries/t3_2.query,yk,3,4,1.654027339,2
tmp_queries/t3_3.query,yk,3,4,0.264204546,1
tmp_queries/t3_4.query,yk,3,4,0.073800425,1
tmp_queries/t3_5.query,yk,3,4,0.096726350,2
tmp_queries/t3_6.query,yk,3,4,0.230151324,26
tmp_queries/t3_7.query,yk,3,4,0.216913312,8
tmp_queries/t3_8.query,yk,3,4,0.016314924,4
tmp_queries/t3_9.query,yk,3,4,0.020879665,3
tmp_queries/t3_10.query,yk,3,4,0.108371355,23
tmp_queries/t3_11.query,yk,3,4,0.208223780,1
tmp_queries/t3_12.query,yk,3,4,0.010375501,1
tmp_queries/t3_13.query,yk,3,4,0.002850942,1
tmp_queries/t3_14.query,yk,3,4,0.279672139,113
tmp_queries/t3_15.query,yk,3,4,0.074155619,1
tmp_queries/t3_16.query,yk,3,4,0.181404628,4
tmp_queries/t3_17.query,yk,3,4,0.037064352,1
tmp_queries/t3_18.query,yk,3,4,0.013732882,2
tmp_queries/t3_19.query,yk,3,4,0.081387433,2
tmp_queries/t3_20.query,yk,3,4,0.056055095,1
tmp_queries/t3_21.query,yk,3,4,3.312148832,37
tmp_queries/t3_22.query,yk,3,4,0.258988037,10
tmp_queries/t3_23.query,yk,3,4,0.008579886,52
tmp_queries/t3_24.query,yk,3,4,0.079781961,1
tmp_queries/t3_25.query,yk,3,4,0.192204638,7
tmp_queries/t3_26.query,yk,3,4,0.048756159,1
tmp_queries/t3_27.query,yk,3,4,0.109468103,2
tmp_queries/t3_28.query,yk,3,4,0.029063472,1
tmp_queries/t3_29.query,yk,3,4,0.346602745,1
tmp_queries/t3_30.query,yk,3,4,0.062998834,1
tmp_queries/t3_31.query,yk,3,4,0.289035730,3
tmp_queries/t3_32.query,yk,3,4,0.004283680,1
tmp_queries/t3_33.query,yk,3,4,3.741266259,16
tmp_queries/t3_34.query,yk,3,4,0.168193338,1
tmp_queries/t3_35.query,yk,3,4,0.012141701,2
tmp_queries/t3_36.query,yk,3,4,0.022628146,3
tmp_queries/t3_37.query,yk,3,4,0.166522256,1
tmp_queries/t3_38.query,yk,3,4,0.015328743,2
tmp_queries/t3_39.query,yk,3,4,0.492645379,806
tmp_queries/t3_40.query,yk,3,4,0.024779330,1
tmp_queries/t3_41.query,yk,3,4,0.061863769,2
tmp_queries/t3_42.query,yk,3,4,0.079788851,2
tmp_queries/t3_43.query,yk,3,4,0.033151729,2
tmp_queries/t3_44.query,yk,3,4,0.014054852,1
tmp_queries/t3_45.query,yk,3,4,0.005292922,1
tmp_queries/t3_46.query,yk,3,4,0.003156781,1
tmp_queries/t3_47.query,yk,3,4,0.156897765,6
tmp_queries/t3_48.query,yk,3,4,0.082890297,113
tmp_queries/t3_49.query,yk,3,4,0.041510774,202
tmp_queries/t3_50.query,yk,3,4,0.622378107,2
tmp_queries/t4_1.query,yk,4,5,0.280716562,2
tmp_queries/t4_2.query,yk,4,5,0.051431575,2
tmp_queries/t4_3.query,yk,4,5,0.528913630,2
tmp_queries/t4_4.query,yk,4,5,0.072646105,1
tmp_queries/t4_5.query,yk,4,5,0.058889277,688
tmp_queries/t4_6.query,yk,4,5,0.141754978,1
tmp_queries/t4_7.query,yk,4,5,0.013151885,1
tmp_queries/t4_8.query,yk,4,5,2.675033946,1
tmp_queries/t4_9.query,yk,4,5,1.616662622,5943
tmp_queries/t4_10.query,yk,4,5,15.632642319,58147
tmp_queries/t4_11.query,yk,4,5,1.112177835,34
tmp_queries/t4_12.query,yk,4,5,0.297899984,2
tmp_queries/t4_13.query,yk,4,5,0.328273523,31
tmp_queries/t4_14.query,yk,4,5,0.016727951,2
tmp_queries/t4_15.query,yk,4,5,0.361666369,1
tmp_queries/t4_16.query,yk,4,5,0.112904544,1
tmp_queries/t4_17.query,yk,4,5,0.017038711,1
tmp_queries/t4_18.query,yk,4,5,0.061790794,48
tmp_queries/t4_19.query,yk,4,5,0.015514922,1
tmp_queries/t4_20.query,yk,4,5,0.083918722,2
tmp_queries/t4_21.query,yk,4,5,1.709590506,1
tmp_queries/t4_22.query,yk,4,5,0.035949220,1
tmp_queries/t4_23.query,yk,4,5,0.509174024,14
tmp_queries/t4_24.query,yk,4,5,1.214519344,1
tmp_queries/t4_25.query,yk,4,5,0.016522082,13
tmp_queries/t4_26.query,yk,4,5,0.842598203,6
tmp_queries/t4_27.query,yk,4,5,1.449722969,250
tmp_queries/t4_28.query,yk,4,5,0.065945126,1
tmp_queries/t4_29.query,yk,4,5,2.974106040,1
tmp_queries/t4_30.query,yk,4,5,0.019298294,3
tmp_queries/t4_31.query,yk,4,5,3.875034204,3
tmp_queries/t4_32.query,yk,4,5,9.205162100,3
tmp_queries/t4_33.query,yk,4,5,0.202377515,4
tmp_queries/t4_34.query,yk,4,5,0.017525210,1
tmp_queries/t4_35.query,yk,4,5,2.476380999,1
tmp_queries/t4_36.query,yk,4,5,3.654554135,1
tmp_queries/t4_37.query,yk,4,5,0.091935259,2
tmp_queries/t4_38.query,yk,4,5,2.744622687,1
tmp_queries/t4_39.query,yk,4,5,7.527419816,3
tmp_queries/t4_40.query,yk,4,5,0.020443028,1
tmp_queries/t4_41.query,yk,4,5,0.092030032,7
tmp_queries/t4_42.query,yk,4,5,0.150191433,1
tmp_queries/t4_43.query,yk,4,5,0.010289961,1
tmp_queries/t4_44.query,yk,4,5,0.045887781,4
tmp_queries/t4_45.query,yk,4,5,2.340751868,1
tmp_queries/t4_46.query,yk,4,5,0.019016471,1
tmp_queries/t4_47.query,yk,4,5,0.005973311,2
tmp_queries/t4_48.query,yk,4,5,0.827563201,1
tmp_queries/t4_49.query,yk,4,5,1.556121550,1
tmp_queries/t4_50.query,yk,4,5,1.975131447,3
tmp_queries/ti2_1.query,yk,2,3,0.037059202,273
tmp_queries/ti2_2.query,yk,2,3,0.002366279,1
tmp_queries/ti2_3.query,yk,2,3,0.001263760,1
tmp_queries/ti2_4.query,yk,2,3,0.023429540,24
tmp_queries/ti2_5.query,yk,2,3,0.007887567,32
tmp_queries/ti2_6.query,yk,2,3,0.023694704,20
tmp_queries/ti2_7.query,yk,2,3,0.005821720,35
tmp_queries/ti2_8.query,yk,2,3,0.006582476,1
tmp_queries/ti2_9.query,yk,2,3,0.005473704,4
tmp_queries/ti2_10.query,yk,2,3,0.002360442,1
tmp_queries/ti2_11.query,yk,2,3,0.071947630,233
tmp_queries/ti2_12.query,yk,2,3,0.009608991,3075
tmp_queries/ti2_13.query,yk,2,3,0.009602467,61
tmp_queries/ti2_14.query,yk,2,3,1.968094671,122574
tmp_queries/ti2_15.query,yk,2,3,0.001914129,2
tmp_queries/ti2_16.query,yk,2,3,0.011919707,38
tmp_queries/ti2_17.query,yk,2,3,0.012402928,2822
tmp_queries/ti2_18.query,yk,2,3,0.001589430,1
tmp_queries/ti2_19.query,yk,2,3,0.035376114,21
tmp_queries/ti2_20.query,yk,2,3,0.005787348,7
tmp_queries/ti2_21.query,yk,2,3,0.004654547,14
tmp_queries/ti2_22.query,yk,2,3,0.590244860,1957
tmp_queries/ti2_23.query,yk,2,3,0.001341242,1
tmp_queries/ti2_24.query,yk,2,3,0.001495656,1
tmp_queries/ti2_25.query,yk,2,3,0.001310708,1
tmp_queries/ti2_26.query,yk,2,3,0.440477008,883
tmp_queries/ti2_27.query,yk,2,3,0.002462136,20
tmp_queries/ti2_28.query,yk,2,3,0.103954983,9539
tmp_queries/ti2_29.query,yk,2,3,0.004081608,151
tmp_queries/ti2_30.query,yk,2,3,0.010887804,32
tmp_queries/ti2_31.query,yk,2,3,1.148867619,123354
tmp_queries/ti2_32.query,yk,2,3,0.021054587,328
tmp_queries/ti2_33.query,yk,2,3,0.103451734,349
tmp_queries/ti2_34.query,yk,2,3,0.061397037,73
tmp_queries/ti2_35.query,yk,2,3,0.065980339,149
tmp_queries/ti2_36.query,yk,2,3,0.005226523,3
tmp_queries/ti2_37.query,yk,2,3,0.001563031,2
tmp_queries/ti2_38.query,yk,2,3,0.016471602,309
tmp_queries/ti2_39.query,yk,2,3,0.027048802,326
tmp_queries/ti2_40.query,yk,2,3,0.000992659,1
tmp_queries/ti2_41.query,yk,2,3,0.092163649,193
tmp_queries/ti2_42.query,yk,2,3,0.001678057,2
tmp_queries/ti2_43.query,yk,2,3,0.002438170,3
tmp_queries/ti2_44.query,yk,2,3,0.002070087,3
tmp_queries/ti2_45.query,yk,2,3,0.079617255,447
tmp_queries/ti2_46.query,yk,2,3,0.021326388,322
tmp_queries/ti2_47.query,yk,2,3,0.001278136,1
tmp_queries/ti2_48.query,yk,2,3,0.123549398,889
tmp_queries/ti2_49.query,yk,2,3,0.170021023,587
tmp_queries/ti2_50.query,yk,2,3,0.001758878,1
tmp_queries/ti3_1.query,yk,3,4,0.022322734,10
tmp_queries/ti3_2.query,yk,3,4,0.054759538,1
tmp_queries/ti3_3.query,yk,3,4,0.303808201,507
tmp_queries/ti3_4.query,yk,3,4,0.007524586,29
tmp_queries/ti3_5.query,yk,3,4,2.625309217,28456
tmp_queries/ti3_6.query,yk,3,4,0.349063244,3633
tmp_queries/ti3_7.query,yk,3,4,0.032511732,2
tmp_queries/ti3_8.query,yk,3,4,0.032161431,1
tmp_queries/ti3_9.query,yk,3,4,0.131682324,18
tmp_queries/ti3_10.query,yk,3,4,12.068563151,10141700
tmp_queries/ti3_11.query,yk,3,4,0.325697767,1085
tmp_queries/ti3_12.query,yk,3,4,0.217798476,80
tmp_queries/ti3_13.query,yk,3,4,0.018375117,8
tmp_queries/ti3_14.query,yk,3,4,0.034617462,3
tmp_queries/ti3_15.query,yk,3,4,0.070006280,1
tmp_queries/ti3_16.query,yk,3,4,0.040628645,2
tmp_queries/ti3_17.query,yk,3,4,0.028479921,2
tmp_queries/ti3_18.query,yk,3,4,0.089494302,172
tmp_queries/ti3_19.query,yk,3,4,0.013574255,6
tmp_queries/ti3_20.query,yk,3,4,0.011126619,1
tmp_queries/ti3_21.query,yk,3,4,0.177869335,4
tmp_queries/ti3_22.query,yk,3,4,0.012816477,1
tmp_queries/ti3_23.query,yk,3,4,0.014637538,1
tmp_queries/ti3_24.query,yk,3,4,0.043526065,1
tmp_queries/ti3_25.query,yk,3,4,3.089103539,486
tmp_queries/ti3_26.query,yk,3,4,0.035017284,16
tmp_queries/ti3_27.query,yk,3,4,0.069226405,1
tmp_queries/ti3_28.query,yk,3,4,0.037084066,2
tmp_queries/ti3_29.query,yk,3,4,0.109411739,1
tmp_queries/ti3_30.query,yk,3,4,0.018102927,1
tmp_queries/ti3_31.query,yk,3,4,0.084632065,1
tmp_queries/ti3_32.query,yk,3,4,1.220636992,2
tmp_queries/ti3_33.query,yk,3,4,0.795382723,1
tmp_queries/ti3_34.query,yk,3,4,0.065902707,1
tmp_queries/ti3_35.query,yk,3,4,0.260422146,20
tmp_queries/ti3_36.query,yk,3,4,0.147750098,29
tmp_queries/ti3_37.query,yk,3,4,0.016437962,1
tmp_queries/ti3_38.query,yk,3,4,0.172727640,131
tmp_queries/ti3_39.query,yk,3,4,0.029542510,6
tmp_queries/ti3_40.query,yk,3,4,0.148767982,1
tmp_queries/ti3_41.query,yk,3,4,0.070418204,1
tmp_queries/ti3_42.query,yk,3,4,0.643494259,1
tmp_queries/ti3_43.query,yk,3,4,0.270958708,2
tmp_queries/ti3_44.query,yk,3,4,0.011083690,2
tmp_queries/ti3_45.query,yk,3,4,0.207071360,1
tmp_queries/ti3_46.query,yk,3,4,0.083947804,13
tmp_queries/ti3_47.query,yk,3,4,0.060543216,39
tmp_queries/ti3_48.query,yk,3,4,0.018630767,510
tmp_queries/ti3_49.query,yk,3,4,0.009841797,4
tmp_queries/ti3_50.query,yk,3,4,0.249399400,264
tmp_queries/ti4_1.query,yk,4,5,1.393190677,2
tmp_queries/ti4_2.query,yk,4,5,0.488857394,1
tmp_queries/ti4_3.query,yk,4,5,0.966540427,1
tmp_queries/ti4_4.query,yk,4,5,0.382390349,1
tmp_queries/ti4_5.query,yk,4,5,0.362573009,1
tmp_queries/ti4_6.query,yk,4,5,0.713621633,1
tmp_queries/ti4_7.query,yk,4,5,0.024784019,1
tmp_queries/ti4_8.query,yk,4,5,0.131803580,365
tmp_queries/ti4_9.query,yk,4,5,0.096491804,3
tmp_queries/ti4_10.query,yk,4,5,0.250798010,1
tmp_queries/ti4_11.query,yk,4,5,0.481688226,478500
tmp_queries/ti4_12.query,yk,4,5,0.075354141,12
tmp_queries/ti4_13.query,yk,4,5,0.156450895,3
tmp_queries/ti4_14.query,yk,4,5,0.808794822,5
tmp_queries/ti4_15.query,yk,4,5,0.184250242,7
tmp_queries/ti4_16.query,yk,4,5,0.349883330,1
tmp_queries/ti4_17.query,yk,4,5,0.137396814,1
tmp_queries/ti4_18.query,yk,4,5,0.209733192,5
tmp_queries/ti4_19.query,yk,4,5,8.174906605,8
tmp_queries/ti4_20.query,yk,4,5,0.008149196,1
tmp_queries/ti4_21.query,yk,4,5,0.279296893,320
tmp_queries/ti4_22.query,yk,4,5,0.040394156,1
tmp_queries/ti4_23.query,yk,4,5,0.315843331,23
tmp_queries/ti4_24.query,yk,4,5,0.015047437,65
tmp_queries/ti4_25.query,yk,4,5,2.873026956,6
tmp_queries/ti4_26.query,yk,4,5,0.260024148,23
tmp_queries/ti4_27.query,yk,4,5,0.125282880,1
tmp_queries/ti4_28.query,yk,4,5,0.413761187,1
tmp_queries/ti4_29.query,yk,4,5,2.707846050,3
tmp_queries/ti4_30.query,yk,4,5,91.362014382,109705564
tmp_queries/ti4_31.query,yk,4,5,1.890359471,4
tmp_queries/ti4_32.query,yk,4,5,0.669657442,532
tmp_queries/ti4_33.query,yk,4,5,0.269839794,8
tmp_queries/ti4_34.query,yk,4,5,0.323950014,3
tmp_queries/ti4_35.query,yk,4,5,0.308470069,1
tmp_queries/ti4_36.query,yk,4,5,0.314994140,1
tmp_queries/ti4_37.query,yk,4,5,0.269420993,448
tmp_queries/ti4_38.query,yk,4,5,0.076633335,3
tmp_queries/ti4_39.query,yk,4,5,0.027862570,5
tmp_queries/ti4_40.query,yk,4,5,0.371964038,8
tmp_queries/ti4_41.query,yk,4,5,0.485780267,10
tmp_queries/ti4_42.query,yk,4,5,1.214501365,1272
tmp_queries/ti4_43.query,yk,4,5,0.048460691,1
tmp_queries/ti4_44.query,yk,4,5,1.274026696,61
tmp_queries/ti4_45.query,yk,4,5,1.879069487,3
tmp_queries/ti4_46.query,yk,4,5,0.217512164,7
tmp_queries/ti4_47.query,yk,4,5,21.559832491,1
tmp_queries/ti4_48.query,yk,4,5,0.056593068,1
tmp_queries/ti4_49.query,yk,4,5,2.017536783,126
tmp_queries/ti4_50.query,yk,4,5,0.040906190,1
tmp_queries/tr1_1.query,yk,3,3,0.021419303,11
tmp_queries/tr1_2.query,yk,3,3,0.002156876,1
tmp_queries/tr1_3.query,yk,3,3,0.004582823,1
tmp_queries/tr1_4.query,yk,3,3,0.001636816,1
tmp_queries/tr1_5.query,yk,3,3,0.001510726,1
tmp_queries/tr1_6.query,yk,3,3,0.013112751,65
tmp_queries/tr1_7.query,yk,3,3,0.004959259,1
tmp_queries/tr1_8.query,yk,3,3,0.018531275,1
tmp_queries/tr1_9.query,yk,3,3,0.002800569,1
tmp_queries/tr1_10.query,yk,3,3,0.005727790,1
tmp_queries/tr1_11.query,yk,3,3,0.097816889,12
tmp_queries/tr1_12.query,yk,3,3,0.001442323,1
tmp_queries/tr1_13.query,yk,3,3,0.005555117,2
tmp_queries/tr1_14.query,yk,3,3,0.005830006,1
tmp_queries/tr1_15.query,yk,3,3,0.013867706,18
tmp_queries/tr1_16.query,yk,3,3,0.003381157,1
tmp_queries/tr1_17.query,yk,3,3,0.006506171,1
tmp_queries/tr1_18.query,yk,3,3,0.007791130,1
tmp_queries/tr1_19.query,yk,3,3,0.002493101,2
tmp_queries/tr1_20.query,yk,3,3,0.004637224,1
tmp_queries/tr1_21.query,yk,3,3,0.001113990,1
tmp_queries/tr1_22.query,yk,3,3,0.076836052,221
tmp_queries/tr1_23.query,yk,3,3,0.022594947,1
tmp_queries/tr1_24.query,yk,3,3,1.874926146,59
tmp_queries/tr1_25.query,yk,3,3,0.001126767,2
tmp_queries/tr1_26.query,yk,3,3,0.032263479,1
tmp_queries/tr1_27.query,yk,3,3,0.001093725,1
tmp_queries/tr1_28.query,yk,3,3,0.004510365,1
tmp_queries/tr1_29.query,yk,3,3,0.034066281,3
tmp_queries/tr1_30.query,yk,3,3,0.005925396,1
tmp_queries/tr1_31.query,yk,3,3,0.029865213,5
tmp_queries/tr1_32.query,yk,3,3,0.027127356,1
tmp_queries/tr1_33.query,yk,3,3,0.717020658,13
tmp_queries/tr1_34.query,yk,3,3,0.044889320,3
tmp_queries/tr1_35.query,yk,3,3,0.006373184,1
tmp_queries/tr1_36.query,yk,3,3,0.011822917,23
tmp_queries/tr1_37.query,yk,3,3,0.001450457,1
tmp_queries/tr1_38.query,yk,3,3,0.004312038,1
tmp_queries/tr1_39.query,yk,3,3,0.007147625,1
tmp_queries/tr1_40.query,yk,3,3,0.002764688,1
tmp_queries/tr1_41.query,yk,3,3,0.004384355,1
tmp_queries/tr1_42.query,yk,3,3,0.001556103,85
tmp_queries/tr1_43.query,yk,3,3,0.001261554,1
tmp_queries/tr1_44.query,yk,3,3,0.001101829,12
tmp_queries/tr1_45.query,yk,3,3,0.173896650,1
tmp_queries/tr1_46.query,yk,3,3,0.002649779,6
tmp_queries/tr1_47.query,yk,3,3,0.004260396,1
tmp_queries/tr1_48.query,yk,3,3,0.004191212,1
tmp_queries/tr1_49.query,yk,3,3,0.014678950,3
tmp_queries/tr1_50.query,yk,3,3,0.006204028,5
tmp_queries/tr2_1.query,yk,3,3,0.025279631,1
tmp_queries/tr2_2.query,yk,3,3,0.013108502,1
tmp_queries/tr2_3.query,yk,3,3,0.002899162,1
tmp_queries/tr2_4.query,yk,3,3,0.157266840,308
tmp_queries/tr2_5.query,yk,3,3,0.001090846,1
tmp_queries/tr2_6.query,yk,3,3,0.002921062,9
tmp_queries/tr2_7.query,yk,3,3,0.001507838,7
tmp_queries/tr2_8.query,yk,3,3,0.012662872,1
tmp_queries/tr2_9.query,yk,3,3,0.021362735,1
tmp_queries/tr2_10.query,yk,3,3,0.003616002,35
tmp_queries/tr2_11.query,yk,3,3,0.052886086,1
tmp_queries/tr2_12.query,yk,3,3,0.390644253,4
tmp_queries/tr2_13.query,yk,3,3,0.090852788,1
tmp_queries/tr2_14.query,yk,3,3,0.003261592,2
tmp_queries/tr2_15.query,yk,3,3,0.004932421,2
tmp_queries/tr2_16.query,yk,3,3,0.002687312,2
tmp_queries/tr2_17.query,yk,3,3,0.050666243,1
tmp_queries/tr2_18.query,yk,3,3,0.007242082,9
tmp_queries/tr2_19.query,yk,3,3,0.006067477,1
tmp_queries/tr2_20.query,yk,3,3,0.007903937,3
tmp_queries/tr2_21.query,yk,3,3,0.058230229,1
tmp_queries/tr2_22.query,yk,3,3,0.004918498,1
tmp_queries/tr2_23.query,yk,3,3,0.018999159,3
tmp_queries/tr2_24.query,yk,3,3,0.002678766,2
tmp_queries/tr2_25.query,yk,3,3,0.003508557,4
tmp_queries/tr2_26.query,yk,3,3,0.001157078,1
tmp_queries/tr2_27.query,yk,3,3,0.025343658,1
tmp_queries/tr2_28.query,yk,3,3,0.003791300,1
tmp_queries/tr2_29.query,yk,3,3,0.008013466,1
tmp_queries/tr2_30.query,yk,3,3,0.001906575,1
tmp_queries/tr2_31.query,yk,3,3,0.000935636,1
tmp_queries/tr2_32.query,yk,3,3,0.002274859,1
tmp_queries/tr2_33.query,yk,3,3,0.006598968,1
tmp_queries/tr2_34.query,yk,3,3,0.082038843,1
tmp_queries/tr2_35.query,yk,3,3,0.003246816,9
tmp_queries/tr2_36.query,yk,3,3,0.011215215,6
tmp_queries/tr2_37.query,yk,3,3,0.015087414,263
tmp_queries/tr2_38.query,yk,3,3,0.001373510,1
tmp_queries/tr2_39.query,yk,3,3,0.001235092,2
tmp_queries/tr2_40.query,yk,3,3,0.001338653,2
tmp_queries/tr2_41.query,yk,3,3,0.002712511,2
tmp_queries/tr2_42.query,yk,3,3,0.017466454,4
tmp_queries/tr2_43.query,yk,3,3,1.068368589,1
tmp_queries/tr2_44.query,yk,3,3,0.005088642,2
tmp_queries/tr2_45.query,yk,3,3,0.010127218,1
tmp_queries/tr2_46.query,yk,3,3,0.013526509,8
tmp_queries/tr2_47.query,yk,3,3,0.002616739,6
tmp_queries/tr2_48.query,yk,3,3,0.007610100,5
tmp_queries/tr2_49.query,yk,3,3,0.001453437,19
tmp_queries/tr2_50.query,yk,3,3,0.003656957,3
